{
  "Routes": [
    {
      "DownstreamPathTemplate": "/{CatchAll}",
      "DownstreamScheme": "http",
      "DownstreamHostAndPorts": [
        {
          "Host": "localhost",
          "Port": 5001
        }
      ],
      "UpstreamPathTemplate": "/ServicePost/{CatchAll}"
    },
    {
      "DownstreamPathTemplate": "/{CatchAll}",
      "DownstreamScheme": "http",
      "DownstreamHostAndPorts": [
        {
          "Host": "localhost",
          "Port": 5002
        }
      ],
      "UpstreamPathTemplate": "/ImageApi/{CatchAll}"
    }
  ],
  "GlobalConfiguration": {
    "BaseUrl": "http://localhost:5000"
  }
}