{
  "Routes": [
    {
      "DownstreamPathTemplate": "/{everything}",
      "DownstreamScheme": "http",
      "DownstreamHostAndPorts": [
        {
          "Host": "servicepost-clusterip-srv",
          "Port": 80
        }
      ],
      "UpstreamPathTemplate": "/ServicePost/{everything}"
    },
    {
      "DownstreamPathTemplate": "/{everything}",
      "DownstreamScheme": "http",
      "DownstreamHostAndPorts": [
        {
          "Host": "imageapi-clusterip-srv",
          "Port": 80
        }
      ],
      "UpstreamPathTemplate": "/ImageApi/{everything}"
    },
    {
      "DownstreamPathTemplate": "/{everything}",
      "DownstreamScheme": "http",
      "DownstreamHostAndPorts": [
        {
          "Host": "servicecomment-clusterip-srv",
          "Port": 80
        }
      ],
      "UpstreamPathTemplate": "/ServiceComment/{everything}"
    }
  ],
  "GlobalConfiguration": {
    "RequestIdKey": "OcRequestId",
    "BaseUrl": "http://gateway-loadbalancer:80"
  }
}