{
  "Routes": [
    {
      "DownstreamPathTemplate": "/{everything}",
      "DownstreamScheme": "http",
      "DownstreamHostAndPorts": [
        {
          "Host": "localhost",
          "Port": 5001
        }
      ],
      "UpstreamPathTemplate": "/ServicePost/{everything}"
    },
    {
      "DownstreamPathTemplate": "/{everything}",
      "DownstreamScheme": "http",
      "DownstreamHostAndPorts": [
        {
          "Host": "localhost",
          "Port": 5002
        }
      ],
      "UpstreamPathTemplate": "/ImageApi/{everything}"
    },
    {
      "DownstreamPathTemplate": "/{everything}",
      "DownstreamScheme": "http",
      "DownstreamHostAndPorts": [
        {
          "Host": "localhost",
          "Port": 5003
        }
      ],
      "UpstreamPathTemplate": "/ServiceComment/{everything}"
    },
    {
      "DownstreamPathTemplate": "/{CatchAll}",
      "DownstreamScheme": "http",
      "DownstreamHostAndPorts": [
        {
          "Host": "localhost",
          "Port": 5004
        }
      ],
      "UpstreamPathTemplate": "/ServiceReport/{CatchAll}"
    }
  ],
  "GlobalConfiguration": {
    "RequestIdKey": "OcRequestId",
    "BaseUrl": "http://localhost:5000"
  }
}